<?xml version="1.0" encoding="UTF-8" standalone="yes"?>
<scenario id="{E08F713C-2719-4974-B2F8-4A603E0465FC}" instanceId="{813CC969-4E88-43ED-A94B-F33E765CE7F2}" apidriven="1">
  <triggers />
  <metadata_elements>
    <metadata name="_isacon" value="0" />
    <metadata name="_iscontinuumsessionactive" value="0" />
    <metadata name="_isescalationinprogress" value="1" />
    <metadata name="_iskerneldebuggerpresent" value="0" />
    <metadata name="_lastapplicationinstalltime" value="0" />
    <metadata name="_lastboottime" value="131636792114935420" />
    <metadata name="_lastdevicearrivalremovaltime" value="0" />
    <metadata name="_lastlogontime" value="131636792719707630" />
    <metadata name="_lastpowersourcechangetime" value="0" />
    <metadata name="_lastresumefromhibernatetime" value="0" />
    <metadata name="_lastresumefromstandbytime" value="0" />
    <metadata name="_lastsuccessfulrefreshtime" value="0" />
    <metadata name="_lastunlocktime" value="131636819541547724" />
    <metadata name="_timesinceosinstall" value="28498805476708" />
  </metadata_elements>
</scenario>