<?xml version="1.0" encoding="UTF-8" standalone="yes"?>
<scenario id="{247CEBD6-5157-4C40-A416-57220DAAEE34}" instanceId="{223DB6F2-4120-49EC-B926-A48CE2F747A5}" apidriven="1">
  <triggers />
  <metadata_elements>
    <metadata name="_isacon" value="0" />
    <metadata name="_iscontinuumsessionactive" value="0" />
    <metadata name="_isescalationinprogress" value="1" />
    <metadata name="_iskerneldebuggerpresent" value="0" />
    <metadata name="_lastapplicationinstalltime" value="131687956680671821" />
    <metadata name="_lastboottime" value="131687882384933437" />
    <metadata name="_lastdevicearrivalremovaltime" value="0" />
    <metadata name="_lastlogontime" value="0" />
    <metadata name="_lastpowersourcechangetime" value="0" />
    <metadata name="_lastresumefromhibernatetime" value="0" />
    <metadata name="_lastresumefromstandbytime" value="0" />
    <metadata name="_lastsuccessfulrefreshtime" value="0" />
    <metadata name="_lastunlocktime" value="131688953142243683" />
    <metadata name="_timesinceosinstall" value="80637377998708" />
  </metadata_elements>
</scenario>